LANG,STD,ACC
EN,0,0.89055
EN,0.0015074666808323094,0.8917021921406203
CZ,0,0.76575
CZ,0.0018333286498114045,0.7720486065936354
